номер заказа;тип детали;цена детали;упаковка;цена упаковки;цена изд в упаковке;количество деталей;сумма заказа;S;M;L
1;1;50000;базовая;10000;60000;1;60000;1;1;1
2;1;40000;базовая;10000;50000;1;50000;1;2;0
3;1;50000;базовая;10000;60000;1;60000;2;1;0
4;1;40000;базовая;10000;50000;1;50000;0;1;2
5;1;40000;базовая;10000;50000;1;50000;1;1;1
6;1;50000;базовая;10000;60000;1;60000;1;0;2
7;1;40000;базовая;10000;50000;1;50000;2;0;1
8;1;40000;базовая;10000;50000;1;50000;1;1;1
9;1;55000;базовая;10000;65000;1;65000;2;1;0
10;1;40000;базовая;10000;50000;1;50000;2;0;1
11;1;45000;базовая;10000;55000;1;55000;1;2;0
12;1;45000;базовая;10000;55000;1;55000;0;2;1
13;1;40000;базовая;10000;50000;1;50000;1;0;2
14;1;50000;базовая;10000;60000;1;60000;0;1;2
15;1;45000;базовая;10000;55000;1;55000;1;1;1
16;1;45000;базовая;10000;55000;1;55000;1;2;0
17;1;50000;базовая;10000;60000;1;60000;2;1;0
18;1;50000;базовая;10000;60000;1;60000;0;1;2
19;1;45000;базовая;10000;55000;1;55000;1;1;1
20;1;50000;базовая;10000;60000;1;60000;1;0;2
21;1;50000;базовая;10000;60000;1;60000;2;0;1
22;1;45000;базовая;10000;55000;1;55000;1;1;1
23;1;55000;базовая;10000;65000;1;65000;2;1;0
24;1;40000;базовая;10000;50000;1;50000;2;0;1
25;1;45000;базовая;10000;55000;1;55000;1;2;0
26;1;40000;базовая;10000;50000;1;50000;0;2;1
27;1;50000;базовая;10000;60000;1;60000;1;0;2
28;1;40000;базовая;10000;50000;1;50000;0;1;2
29;1;50000;базовая;10000;60000;1;60000;1;1;1
30;1;40000;базовая;10000;50000;1;50000;1;2;0
31;1;40000;базовая;10000;50000;1;50000;2;1;0
32;1;50000;базовая;10000;60000;1;60000;0;1;2
33;1;40000;базовая;10000;50000;1;50000;1;1;1
34;1;50000;базовая;10000;60000;1;60000;1;0;2
35;1;55000;базовая;10000;65000;1;65000;2;0;1
36;1;40000;базовая;10000;50000;1;50000;1;1;1
37;1;50000;базовая;10000;60000;1;60000;2;1;0
38;1;45000;базовая;10000;55000;1;55000;2;0;1
39;1;55000;базовая;10000;65000;1;65000;1;2;0
40;1;35000;базовая;10000;45000;1;45000;0;2;1
41;1;40000;базовая;10000;50000;1;50000;1;0;2
42;1;45000;базовая;10000;55000;1;55000;0;1;2
43;1;50000;базовая;10000;60000;1;60000;1;1;1
44;1;45000;базовая;10000;55000;1;55000;1;2;0
45;1;40000;базовая;10000;50000;1;50000;2;1;0
46;1;45000;базовая;10000;55000;1;55000;0;1;2
47;1;55000;базовая;10000;65000;1;65000;1;1;1
48;1;45000;базовая;10000;55000;1;55000;1;0;2
49;1;40000;базовая;10000;50000;1;50000;1;1;1
50;1;45000;базовая;10000;55000;1;55000;1;2;0
51;1;40000;базовая;10000;50000;1;50000;2;1;0
52;1;45000;базовая;10000;55000;1;55000;0;1;2
53;1;40000;базовая;10000;50000;1;50000;1;1;1
54;1;50000;базовая;10000;60000;1;60000;1;0;2
55;1;50000;базовая;10000;60000;1;60000;2;0;1
56;1;45000;базовая;10000;55000;1;55000;1;1;1
57;1;50000;базовая;10000;60000;1;60000;2;1;0
58;1;50000;базовая;10000;60000;1;60000;2;0;1
59;1;45000;базовая;10000;55000;1;55000;1;2;0
60;1;55000;базовая;10000;65000;1;65000;0;2;1
61;1;40000;базовая;10000;50000;1;50000;1;0;2
62;1;35000;базовая;10000;45000;1;45000;0;1;2
63;1;35000;базовая;10000;45000;1;45000;2;0;1
64;1;35000;базовая;10000;45000;1;45000;1;1;1
65;1;45000;базовая;10000;55000;1;55000;2;1;0
66;1;40000;базовая;10000;50000;1;50000;2;0;1
67;1;50000;базовая;10000;60000;1;60000;1;2;0
68;1;50000;базовая;10000;60000;1;60000;0;2;1
69;1;55000;базовая;10000;65000;1;65000;1;0;2
70;1;50000;базовая;10000;60000;1;60000;0;1;2
71;1;40000;базовая;10000;50000;1;50000;1;1;1
72;1;45000;базовая;10000;55000;1;55000;2;1;0
73;1;40000;базовая;10000;50000;1;50000;2;0;1
74;1;50000;базовая;10000;60000;1;60000;1;2;0
75;1;45000;базовая;10000;55000;1;55000;0;2;1
76;1;45000;базовая;10000;55000;1;55000;1;0;2
77;1;35000;базовая;10000;45000;1;45000;0;1;2
78;1;50000;базовая;10000;60000;1;60000;2;0;1
79;1;55000;базовая;10000;65000;1;65000;1;1;1
80;1;40000;базовая;10000;50000;1;50000;2;1;0
81;1;50000;базовая;10000;60000;1;60000;2;0;1
82;1;40000;базовая;10000;50000;1;50000;1;2;0
83;1;55000;базовая;10000;65000;1;65000;0;2;1
84;1;45000;базовая;10000;55000;1;55000;1;1;1
85;1;40000;базовая;10000;50000;1;50000;2;1;0
86;1;40000;базовая;10000;50000;1;50000;2;0;1
87;1;50000;базовая;10000;60000;1;60000;1;2;0
88;1;45000;базовая;10000;55000;1;55000;0;2;1
89;1;50000;базовая;10000;60000;1;60000;1;0;2
90;1;40000;базовая;10000;50000;1;50000;0;1;2
91;1;40000;базовая;10000;50000;1;50000;2;0;1
92;1;40000;базовая;10000;50000;1;50000;1;1;1
93;1;40000;базовая;10000;50000;1;50000;2;1;0
94;1;45000;базовая;10000;55000;1;55000;2;0;1
95;1;40000;базовая;10000;50000;1;50000;1;2;0
96;1;40000;базовая;10000;50000;1;50000;0;2;1
97;1;45000;базовая;10000;55000;1;55000;1;1;1
98;1;50000;базовая;10000;60000;1;60000;2;1;0
99;1;45000;базовая;10000;55000;1;55000;2;0;1
100;1;40000;базовая;10000;50000;1;50000;1;2;0
101;1;50000;базовая;10000;60000;1;60000;0;2;1
102;1;45000;базовая;10000;55000;1;55000;1;0;2
103;1;45000;базовая;10000;55000;1;55000;0;1;2
104;1;45000;базовая;10000;55000;1;55000;2;0;1
105;1;40000;базовая;10000;50000;1;50000;1;1;1
106;1;50000;базовая;10000;60000;1;60000;2;1;0
107;1;45000;базовая;10000;55000;1;55000;2;0;1
108;1;50000;базовая;10000;60000;1;60000;1;2;0
109;1;55000;базовая;10000;65000;1;65000;0;2;1
110;1;45000;базовая;10000;55000;1;55000;2;1;0
111;1;50000;базовая;10000;60000;1;60000;0;1;2
112;1;50000;базовая;10000;60000;1;60000;1;1;1
113;1;45000;базовая;10000;55000;1;55000;1;0;2
114;1;40000;базовая;10000;50000;1;50000;2;0;1
115;1;55000;базовая;10000;65000;1;65000;1;1;1
116;1;45000;базовая;10000;55000;1;55000;2;1;0
117;1;35000;базовая;10000;45000;1;45000;2;0;1
118;1;45000;базовая;10000;55000;1;55000;1;2;0
119;1;50000;базовая;10000;60000;1;60000;0;2;1
120;1;55000;базовая;10000;65000;1;65000;1;0;2
121;1;55000;базовая;10000;65000;1;65000;0;1;2
122;1;40000;базовая;10000;50000;1;50000;2;0;1
123;1;40000;базовая;10000;50000;1;50000;1;1;1
124;1;50000;базовая;10000;60000;1;60000;2;1;0
125;1;45000;базовая;10000;55000;1;55000;2;0;1
126;1;55000;базовая;10000;65000;1;65000;1;2;0
127;1;40000;базовая;10000;50000;1;50000;0;2;1
128;1;45000;базовая;10000;55000;1;55000;1;0;2
129;1;50000;базовая;10000;60000;1;60000;0;1;2
130;1;45000;базовая;10000;55000;1;55000;1;1;1
131;1;45000;базовая;10000;55000;1;55000;2;1;0
132;1;35000;базовая;10000;45000;1;45000;2;0;1
133;1;45000;базовая;10000;55000;1;55000;1;2;0
134;1;45000;базовая;10000;55000;1;55000;0;2;1
135;1;55000;базовая;10000;65000;1;65000;1;0;2
136;1;40000;базовая;10000;50000;1;50000;0;1;2
137;1;50000;базовая;10000;60000;1;60000;2;0;1
138;1;40000;базовая;10000;50000;1;50000;1;1;1
139;1;50000;базовая;10000;60000;1;60000;2;1;0
140;1;50000;базовая;10000;60000;1;60000;2;0;1
141;1;50000;базовая;10000;60000;1;60000;1;2;0
142;1;35000;базовая;10000;45000;1;45000;0;2;1
143;1;55000;базовая;10000;65000;1;65000;1;1;1
144;1;40000;базовая;10000;50000;1;50000;2;1;0
145;1;45000;базовая;10000;55000;1;55000;2;0;1
146;1;45000;базовая;10000;55000;1;55000;1;2;0
147;1;55000;базовая;10000;65000;1;65000;0;2;1
148;1;55000;базовая;10000;65000;1;65000;1;0;2
149;1;45000;базовая;10000;55000;1;55000;0;1;2
150;1;45000;базовая;10000;55000;1;55000;2;0;1
151;1;55000;базовая;10000;65000;1;65000;1;1;1
152;1;40000;базовая;10000;50000;1;50000;2;1;0
153;1;40000;базовая;10000;50000;1;50000;2;0;1
154;1;45000;базовая;10000;55000;1;55000;1;2;0
155;1;45000;базовая;10000;55000;1;55000;0;2;1
156;1;45000;базовая;10000;55000;1;55000;1;1;1
157;1;40000;базовая;10000;50000;1;50000;2;1;0
158;1;55000;базовая;10000;65000;1;65000;2;1;0
159;1;50000;базовая;10000;60000;1;60000;0;1;2
160;1;45000;базовая;10000;55000;1;55000;1;1;1
161;1;55000;базовая;10000;65000;1;65000;1;0;2
162;1;40000;базовая;10000;50000;1;50000;2;0;1
163;1;50000;базовая;10000;60000;1;60000;1;1;1
164;1;40000;базовая;10000;50000;1;50000;2;1;0
165;1;35000;базовая;10000;45000;1;45000;2;0;1
166;1;50000;базовая;10000;60000;1;60000;1;2;0
167;1;35000;базовая;10000;45000;1;45000;0;2;1
168;1;45000;базовая;10000;55000;1;55000;1;0;2
169;1;50000;базовая;10000;60000;1;60000;0;1;2
170;1;50000;базовая;10000;60000;1;60000;2;0;1
171;1;45000;базовая;10000;55000;1;55000;1;1;1
172;1;55000;базовая;10000;65000;1;65000;2;1;0
173;1;50000;базовая;10000;60000;1;60000;2;0;1
174;1;50000;базовая;10000;60000;1;60000;1;2;0
175;1;35000;базовая;10000;45000;1;45000;0;2;1
176;1;55000;базовая;10000;65000;1;65000;1;0;2
177;1;35000;базовая;10000;45000;1;45000;0;1;2
178;1;40000;базовая;10000;50000;1;50000;1;1;1
179;1;50000;базовая;10000;60000;1;60000;2;1;0
180;1;45000;базовая;10000;55000;1;55000;2;0;1
181;1;45000;базовая;10000;55000;1;55000;1;2;0
182;1;45000;базовая;10000;55000;1;55000;0;2;1
183;1;35000;базовая;10000;45000;1;45000;1;0;2
184;1;40000;базовая;10000;50000;1;50000;0;1;2
185;1;45000;базовая;10000;55000;1;55000;2;0;1
186;1;40000;базовая;10000;50000;1;50000;1;1;1
187;1;40000;базовая;10000;50000;1;50000;2;1;0
188;1;45000;базовая;10000;55000;1;55000;2;0;1
189;1;40000;базовая;10000;50000;1;50000;1;2;0
190;1;35000;базовая;10000;45000;1;45000;0;2;1
191;1;40000;базовая;10000;50000;1;50000;1;1;1
192;1;35000;базовая;10000;45000;1;45000;2;1;0
193;1;35000;базовая;10000;45000;1;45000;2;0;1
194;1;45000;базовая;10000;55000;1;55000;1;2;0
195;1;45000;базовая;10000;55000;1;55000;0;2;1
196;1;40000;базовая;10000;50000;1;50000;1;0;2
197;1;40000;базовая;10000;50000;1;50000;0;1;2
198;1;40000;базовая;10000;50000;1;50000;2;0;1
199;1;35000;базовая;10000;45000;1;45000;1;1;1
200;1;55000;базовая;10000;65000;1;65000;2;1;0
201;1;50000;базовая;10000;60000;1;60000;2;0;1
202;1;45000;базовая;10000;55000;1;55000;1;2;0
203;1;50000;базовая;10000;60000;1;60000;0;2;1
204;1;45000;базовая;10000;55000;1;55000;1;1;1
205;1;40000;базовая;10000;50000;1;50000;2;1;0
206;1;45000;базовая;10000;55000;1;55000;2;1;0
207;1;45000;базовая;10000;55000;1;55000;0;1;2
208;1;45000;базовая;10000;55000;1;55000;1;1;1
209;1;35000;базовая;10000;45000;1;45000;1;0;2
210;1;55000;базовая;10000;65000;1;65000;2;0;1
211;1;40000;базовая;10000;50000;1;50000;1;1;1
212;1;35000;базовая;10000;45000;1;45000;2;1;0
213;1;50000;базовая;10000;60000;1;60000;2;0;1
214;1;50000;базовая;10000;60000;1;60000;1;2;0
215;1;45000;базовая;10000;55000;1;55000;0;2;1
216;1;45000;базовая;10000;55000;1;55000;1;0;2
217;1;55000;базовая;10000;65000;1;65000;0;1;2
218;1;50000;базовая;10000;60000;1;60000;2;0;1
219;1;35000;базовая;10000;45000;1;45000;1;1;1
220;1;45000;базовая;10000;55000;1;55000;2;1;0
221;1;45000;базовая;10000;55000;1;55000;2;0;1
222;1;45000;базовая;10000;55000;1;55000;1;2;0
223;1;45000;базовая;10000;55000;1;55000;0;2;1
224;1;50000;базовая;10000;60000;1;60000;1;0;2
225;1;45000;базовая;10000;55000;1;55000;0;1;2
226;1;55000;базовая;10000;65000;1;65000;1;1;1
227;1;45000;базовая;10000;55000;1;55000;2;1;0
228;1;55000;базовая;10000;65000;1;65000;2;0;1
229;1;45000;базовая;10000;55000;1;55000;1;2;0
230;1;50000;базовая;10000;60000;1;60000;0;2;1
231;1;50000;базовая;10000;60000;1;60000;1;0;2
232;1;40000;базовая;10000;50000;1;50000;0;1;2
233;1;50000;базовая;10000;60000;1;60000;2;0;1
234;1;50000;базовая;10000;60000;1;60000;1;1;1
235;1;55000;базовая;10000;65000;1;65000;2;1;0
236;1;40000;базовая;10000;50000;1;50000;2;0;1
237;1;40000;базовая;10000;50000;1;50000;1;2;0
238;1;50000;базовая;10000;60000;1;60000;0;2;1
239;1;40000;базовая;10000;50000;1;50000;1;1;1
240;1;40000;базовая;10000;50000;1;50000;2;1;0
241;1;40000;базовая;10000;50000;1;50000;2;0;1
242;1;50000;базовая;10000;60000;1;60000;1;2;0
243;1;35000;базовая;10000;45000;1;45000;0;2;1
244;1;50000;базовая;10000;60000;1;60000;1;0;2
245;1;40000;базовая;10000;50000;1;50000;0;1;2
246;1;50000;базовая;10000;60000;1;60000;2;0;1
247;1;45000;базовая;10000;55000;1;55000;1;1;1
248;1;40000;базовая;10000;50000;1;50000;2;1;0
249;1;45000;базовая;10000;55000;1;55000;2;0;1
250;1;55000;базовая;10000;65000;1;65000;1;2;0
251;1;55000;базовая;10000;65000;1;65000;0;2;1
252;1;40000;базовая;10000;50000;1;50000;1;1;1
253;1;55000;базовая;10000;65000;1;65000;2;1;0
254;1;40000;базовая;10000;50000;1;50000;1;1;1
255;1;40000;базовая;10000;50000;1;50000;1;2;0
256;1;50000;базовая;10000;60000;1;60000;2;1;0
257;1;50000;базовая;10000;60000;1;60000;0;1;2
258;1;45000;базовая;10000;55000;1;55000;1;1;1
259;1;50000;базовая;10000;60000;1;60000;1;0;2
260;1;40000;базовая;10000;50000;1;50000;2;0;1
261;1;40000;базовая;10000;50000;1;50000;1;1;1
262;1;45000;базовая;10000;55000;1;55000;2;1;0
263;1;45000;базовая;10000;55000;1;55000;2;0;1
264;1;40000;базовая;10000;50000;1;50000;1;2;0
265;1;40000;базовая;10000;50000;1;50000;0;2;1
266;1;55000;базовая;10000;65000;1;65000;1;0;2
267;1;45000;базовая;10000;55000;1;55000;0;1;2
268;1;40000;базовая;10000;50000;1;50000;1;1;1
269;1;45000;базовая;10000;55000;1;55000;1;2;0
270;1;40000;базовая;10000;50000;1;50000;2;1;0
271;1;40000;базовая;10000;50000;1;50000;0;1;2
272;1;35000;базовая;10000;45000;1;45000;1;1;1
273;1;50000;базовая;10000;60000;1;60000;1;0;2
274;1;45000;базовая;10000;55000;1;55000;1;1;1
275;1;50000;базовая;10000;60000;1;60000;1;2;0
276;1;45000;базовая;10000;55000;1;55000;2;1;0
277;1;40000;базовая;10000;50000;1;50000;0;1;2
278;1;45000;базовая;10000;55000;1;55000;1;1;1
279;1;40000;базовая;10000;50000;1;50000;1;0;2
280;1;50000;базовая;10000;60000;1;60000;2;0;1
281;1;50000;базовая;10000;60000;1;60000;1;1;1
282;1;50000;базовая;10000;60000;1;60000;2;1;0
283;1;40000;базовая;10000;50000;1;50000;2;0;1
284;1;35000;базовая;10000;45000;1;45000;1;2;0
285;1;45000;базовая;10000;55000;1;55000;0;2;1
286;1;35000;базовая;10000;45000;1;45000;1;0;2
287;1;40000;базовая;10000;50000;1;50000;0;1;2
288;1;40000;базовая;10000;50000;1;50000;2;0;1
289;1;50000;базовая;10000;60000;1;60000;1;1;1
290;1;35000;базовая;10000;45000;1;45000;2;1;0
291;1;40000;базовая;10000;50000;1;50000;2;0;1
292;1;35000;базовая;10000;45000;1;45000;1;2;0
293;1;50000;базовая;10000;60000;1;60000;0;2;1
294;1;50000;базовая;10000;60000;1;60000;1;0;2
295;1;50000;базовая;10000;60000;1;60000;0;1;2
296;1;50000;базовая;10000;60000;1;60000;1;1;1
297;1;50000;базовая;10000;60000;1;60000;2;1;0
298;1;45000;базовая;10000;55000;1;55000;2;0;1
299;1;40000;базовая;10000;50000;1;50000;1;2;0
300;1;40000;базовая;10000;50000;1;50000;0;2;1
301;1;50000;базовая;10000;60000;1;60000;1;0;2
302;1;35000;базовая;10000;45000;1;45000;0;1;2
303;1;45000;базовая;10000;55000;1;55000;2;0;1
304;1;45000;базовая;10000;55000;1;55000;1;1;1
305;1;50000;базовая;10000;60000;1;60000;2;1;0
306;1;50000;базовая;10000;60000;1;60000;2;0;1
307;1;40000;базовая;10000;50000;1;50000;1;2;0
308;1;45000;базовая;10000;55000;1;55000;0;2;1
309;1;50000;базовая;10000;60000;1;60000;1;1;1
310;1;45000;базовая;10000;55000;1;55000;2;1;0
311;1;40000;базовая;10000;50000;1;50000;2;0;1
312;1;50000;базовая;10000;60000;1;60000;1;2;0
313;1;55000;базовая;10000;65000;1;65000;0;2;1
314;1;40000;базовая;10000;50000;1;50000;1;0;2
315;1;50000;базовая;10000;60000;1;60000;0;1;2
316;1;55000;базовая;10000;65000;1;65000;2;0;1
317;1;40000;базовая;10000;50000;1;50000;1;1;1
318;1;45000;базовая;10000;55000;1;55000;2;1;0
319;1;45000;базовая;10000;55000;1;55000;2;0;1
320;1;40000;базовая;10000;50000;1;50000;1;2;0
321;1;45000;базовая;10000;55000;1;55000;0;2;1
322;1;40000;базовая;10000;50000;1;50000;1;1;1
323;1;55000;базовая;10000;65000;1;65000;2;1;0
324;1;40000;базовая;10000;50000;1;50000;2;0;1
325;1;55000;базовая;10000;65000;1;65000;1;2;0
326;1;55000;базовая;10000;65000;1;65000;0;2;1
327;1;50000;базовая;10000;60000;1;60000;1;0;2
328;1;50000;базовая;10000;60000;1;60000;0;1;2
329;1;50000;базовая;10000;60000;1;60000;2;0;1
330;1;45000;базовая;10000;55000;1;55000;1;1;1
331;1;35000;базовая;10000;45000;1;45000;2;1;0
332;1;40000;базовая;10000;50000;1;50000;2;0;1
333;1;45000;базовая;10000;55000;1;55000;1;2;0
334;1;40000;базовая;10000;50000;1;50000;0;2;1
335;1;40000;базовая;10000;50000;1;50000;2;1;0
336;1;45000;базовая;10000;55000;1;55000;0;1;2
337;1;45000;базовая;10000;55000;1;55000;1;1;1
338;1;45000;базовая;10000;55000;1;55000;1;0;2
339;1;45000;базовая;10000;55000;1;55000;2;0;1
340;1;50000;базовая;10000;60000;1;60000;1;1;1
341;1;40000;базовая;10000;50000;1;50000;2;1;0
342;1;50000;базовая;10000;60000;1;60000;2;0;1
343;1;50000;базовая;10000;60000;1;60000;1;2;0
344;1;40000;базовая;10000;50000;1;50000;0;2;1
345;1;40000;базовая;10000;50000;1;50000;1;0;2
346;1;40000;базовая;10000;50000;1;50000;0;1;2
347;1;35000;базовая;10000;45000;1;45000;2;0;1
348;1;50000;базовая;10000;60000;1;60000;1;1;1
349;1;35000;базовая;10000;45000;1;45000;2;1;0
350;1;35000;базовая;10000;45000;1;45000;2;0;1
351;1;50000;базовая;10000;60000;1;60000;1;2;0
352;1;40000;базовая;10000;50000;1;50000;0;2;1
353;1;45000;базовая;10000;55000;1;55000;1;0;2
354;1;55000;базовая;10000;65000;1;65000;0;1;2
355;1;55000;базовая;10000;65000;1;65000;1;1;1
356;1;40000;базовая;10000;50000;1;50000;2;1;0
357;1;40000;базовая;10000;50000;1;50000;2;0;1
358;1;40000;базовая;10000;50000;1;50000;1;2;0
359;1;40000;базовая;10000;50000;1;50000;0;2;1
360;1;50000;базовая;10000;60000;1;60000;1;0;2
361;1;55000;базовая;10000;65000;1;65000;0;1;2
362;1;40000;базовая;10000;50000;1;50000;2;0;1
363;1;40000;базовая;10000;50000;1;50000;1;1;1
364;1;40000;базовая;10000;50000;1;50000;2;1;0
365;1;55000;базовая;10000;65000;1;65000;2;0;1
366;1;40000;базовая;10000;50000;1;50000;1;2;0
367;1;45000;базовая;10000;55000;1;55000;0;2;1
368;1;40000;базовая;10000;50000;1;50000;1;1;1
369;1;45000;базовая;10000;55000;1;55000;2;1;0
370;1;40000;базовая;10000;50000;1;50000;2;0;1
371;1;50000;базовая;10000;60000;1;60000;1;2;0
372;1;40000;базовая;10000;50000;1;50000;0;2;1
373;1;45000;базовая;10000;55000;1;55000;1;0;2
374;1;50000;базовая;10000;60000;1;60000;0;1;2
375;1;50000;базовая;10000;60000;1;60000;2;0;1
376;1;45000;базовая;10000;55000;1;55000;1;1;1
377;1;45000;базовая;10000;55000;1;55000;2;1;0
378;1;50000;базовая;10000;60000;1;60000;2;0;1
379;1;50000;базовая;10000;60000;1;60000;1;2;0
380;1;35000;базовая;10000;45000;1;45000;0;2;1
381;1;35000;базовая;10000;45000;1;45000;1;1;1
382;1;45000;базовая;10000;55000;1;55000;2;1;0
383;1;40000;базовая;10000;50000;1;50000;2;1;0
384;1;50000;базовая;10000;60000;1;60000;0;1;2
385;1;45000;базовая;10000;55000;1;55000;1;1;1
386;1;45000;базовая;10000;55000;1;55000;1;0;2
387;1;50000;базовая;10000;60000;1;60000;2;0;1
388;1;40000;базовая;10000;50000;1;50000;1;1;1
389;1;40000;базовая;10000;50000;1;50000;2;1;0
390;1;45000;базовая;10000;55000;1;55000;2;0;1
391;1;50000;базовая;10000;60000;1;60000;1;2;0
392;1;40000;базовая;10000;50000;1;50000;0;2;1
393;1;50000;базовая;10000;60000;1;60000;1;0;2
394;1;55000;базовая;10000;65000;1;65000;0;1;2
395;1;55000;базовая;10000;65000;1;65000;2;0;1
396;1;40000;базовая;10000;50000;1;50000;1;1;1
397;1;45000;базовая;10000;55000;1;55000;2;1;0
398;1;45000;базовая;10000;55000;1;55000;2;0;1
399;1;40000;базовая;10000;50000;1;50000;1;2;0
400;1;35000;базовая;10000;45000;1;90000;1;0;2
401;1;45000;базовая;10000;55000;1;110000;2;0;1
402;1;40000;базовая;10000;50000;2;50000;2;0;1
403;2;70000;базовая;10000;80000;2;80000;2;1;1
404;2;90000;эконом ;30000;120000;1;240000;2;2;0
405;1;45000;эконом ;30000;75000;2;150000;0;1;2
406;1;35000;эконом ;30000;65000;1;130000;0;2;1
407;2;85000;эконом ;30000;115000;1;115000;2;2;0
408;2;80000;базовая;10000;90000;1;90000;1;1;2
409;1;50000;базовая;10000;60000;2;120000;1;0;2
410;1;40000;базовая;10000;50000;1;100000;0;2;1
411;2;105000;базовая;10000;115000;1;230000;2;2;0
412;2;90000;эконом ;30000;120000;2;240000;2;0;2
413;1;50000;эконом ;30000;80000;1;80000;1;1;1
414;1;50000;эконом ;30000;80000;1;80000;1;1;1
415;2;85000;эконом ;30000;115000;1;230000;0;2;2
416;2;75000;базовая;10000;85000;2;170000;2;0;2
417;1;40000;базовая;10000;50000;1;50000;0;1;2
418;1;45000;базовая;10000;55000;2;110000;1;1;1
419;2;95000;базовая;10000;105000;1;210000;1;2;1
420;2;95000;эконом ;30000;125000;1;125000;2;1;1
421;1;40000;эконом ;30000;70000;2;70000;1;0;2
422;1;45000;эконом ;30000;75000;1;150000;1;1;1
423;2;100000;эконом ;30000;130000;1;260000;2;2;0
424;2;95000;базовая;10000;105000;1;105000;0;2;2
425;1;50000;базовая;10000;60000;2;60000;1;1;1
426;1;40000;базовая;10000;50000;1;100000;2;1;0
427;2;95000;базовая;10000;105000;1;210000;1;1;2
428;2;95000;эконом ;30000;125000;2;125000;2;0;2
429;1;35000;эконом ;30000;65000;2;130000;0;1;2
430;1;40000;эконом ;30000;70000;2;70000;2;1;0
431;2;85000;эконом ;30000;115000;2;230000;2;0;2
432;2;100000;базовая;10000;110000;1;220000;2;1;1
433;1;50000;базовая;10000;60000;2;120000;1;1;1
434;1;50000;базовая;10000;60000;1;120000;0;1;2
435;2;105000;базовая;10000;115000;2;230000;2;0;2
436;2;90000;эконом ;30000;120000;1;240000;0;2;2
437;1;40000;эконом ;30000;70000;2;70000;1;1;1
438;1;55000;эконом ;30000;85000;1;170000;1;1;1
439;2;75000;эконом ;30000;105000;1;210000;2;1;1
440;2;105000;базовая;10000;115000;1;230000;2;0;2
441;1;50000;базовая;10000;60000;2;60000;0;2;1
442;1;45000;базовая;10000;55000;1;55000;2;1;0
443;2;75000;базовая;10000;85000;1;170000;0;2;2
444;2;100000;эконом ;30000;130000;2;260000;1;2;1
445;1;40000;эконом ;30000;70000;1;140000;1;2;0
446;1;45000;эконом ;30000;75000;2;75000;1;0;2
447;2;95000;эконом ;30000;125000;1;250000;2;0;2
448;2;80000;базовая;10000;90000;2;180000;0;2;2
449;1;45000;базовая;10000;55000;1;55000;2;1;0
450;1;50000;базовая;10000;60000;2;120000;1;0;2
451;2;95000;базовая;10000;105000;2;105000;2;1;1
452;2;100000;эконом ;30000;130000;2;260000;1;1;2
453;1;50000;эконом ;30000;80000;1;160000;0;1;2
454;1;45000;эконом ;30000;75000;1;150000;2;0;1
455;2;100000;эконом ;30000;130000;1;130000;0;2;2
456;2;85000;базовая;10000;95000;2;95000;1;1;2
457;1;50000;базовая;10000;60000;1;60000;1;1;1
458;1;50000;базовая;10000;60000;2;60000;1;1;1
459;2;80000;базовая;10000;90000;1;180000;2;0;2
460;2;80000;эконом ;30000;110000;1;220000;2;1;1
461;1;40000;эконом ;30000;70000;2;140000;1;2;0
462;1;45000;эконом ;30000;75000;1;75000;0;1;2
463;2;85000;эконом ;30000;115000;2;230000;1;2;1
464;2;100000;базовая;10000;110000;1;220000;2;2;0
465;1;50000;базовая;10000;60000;2;120000;1;1;1
466;1;40000;базовая;10000;50000;1;100000;1;0;2
467;2;100000;базовая;10000;110000;1;110000;0;2;2
468;2;95000;эконом ;30000;125000;1;250000;2;2;0
469;1;55000;эконом ;30000;85000;2;85000;2;0;1
470;1;45000;эконом ;30000;75000;2;150000;1;1;1
471;2;95000;эконом ;30000;125000;2;125000;1;1;2
472;2;105000;базовая;10000;115000;1;230000;0;2;2
473;1;40000;базовая;10000;50000;2;100000;1;0;2
474;1;55000;базовая;10000;65000;1;130000;0;1;2
475;2;105000;базовая;10000;115000;1;230000;1;1;2
476;2;80000;эконом ;30000;110000;1;110000;1;2;1
477;1;45000;эконом ;30000;75000;1;75000;1;1;1
478;1;50000;эконом ;30000;80000;1;160000;2;0;1
479;2;80000;эконом ;30000;110000;2;110000;2;1;1
480;2;100000;базовая;10000;110000;1;220000;2;2;0
481;1;45000;базовая;10000;55000;2;110000;0;1;2
482;1;45000;базовая;10000;55000;2;55000;1;1;1
483;2;105000;базовая;10000;115000;2;115000;2;2;0
484;2;90000;эконом ;30000;120000;1;120000;1;1;2
485;1;50000;эконом ;30000;80000;2;160000;2;0;1
486;1;45000;эконом ;30000;75000;2;150000;0;1;2
487;2;90000;эконом ;30000;120000;1;240000;2;2;0
488;2;105000;базовая;10000;115000;1;115000;2;0;2
489;1;45000;базовая;10000;55000;2;55000;1;1;1
490;1;35000;базовая;10000;45000;1;45000;1;1;1
491;2;85000;базовая;10000;95000;2;95000;0;2;2
492;2;70000;эконом ;30000;100000;1;100000;2;0;2
493;1;50000;эконом ;30000;80000;1;160000;0;2;1
494;1;45000;эконом ;30000;75000;2;150000;1;1;1
495;2;90000;эконом ;30000;120000;1;120000;1;2;1
496;2;85000;базовая;10000;95000;2;190000;2;1;1
497;1;50000;базовая;10000;60000;2;120000;1;0;2
498;1;40000;базовая;10000;50000;2;100000;1;1;1
499;2;75000;базовая;10000;85000;2;170000;2;2;0
500;2;90000;эконом ;30000;120000;2;240000;0;2;2
501;1;40000;эконом ;30000;70000;2;140000;1;1;1
502;1;45000;эконом ;30000;75000;1;150000;1;2;0
503;2;95000;эконом ;30000;125000;2;250000;1;1;2
504;2;95000;базовая;10000;105000;2;105000;2;0;2
505;1;40000;базовая;10000;50000;1;100000;0;1;2
506;1;55000;базовая;10000;65000;2;130000;1;2;0
507;2;90000;базовая;10000;100000;1;100000;2;0;2
508;2;100000;эконом ;30000;130000;1;260000;2;1;1
509;1;40000;эконом ;30000;70000;1;70000;1;0;2
510;1;45000;эконом ;30000;75000;2;150000;0;1;2
511;2;70000;эконом ;30000;100000;2;200000;2;0;2
512;2;100000;базовая;10000;110000;2;110000;0;2;2
513;1;35000;базовая;10000;45000;1;45000;0;1;2
514;1;45000;базовая;10000;55000;2;55000;0;2;1
515;2;90000;базовая;10000;100000;1;200000;2;1;1
516;2;85000;эконом ;30000;115000;1;230000;2;0;2
517;1;45000;эконом ;30000;75000;1;75000;2;1;0
518;1;50000;эконом ;30000;80000;2;80000;2;1;0
519;2;100000;эконом ;30000;130000;1;130000;0;2;2
520;2;75000;базовая;10000;85000;1;170000;1;2;1
521;1;40000;базовая;10000;50000;1;100000;2;1;0
522;1;50000;базовая;10000;60000;1;60000;1;1;1
523;2;90000;базовая;10000;100000;1;200000;2;0;2
524;2;105000;эконом ;30000;135000;1;135000;0;2;2
525;1;40000;эконом ;30000;70000;2;140000;2;1;0
526;1;50000;эконом ;30000;80000;1;160000;1;0;2
527;2;85000;эконом ;30000;115000;1;115000;2;1;1
528;2;75000;базовая;10000;85000;1;85000;1;1;2
529;1;55000;базовая;10000;65000;1;130000;0;2;1
530;1;40000;базовая;10000;50000;1;100000;1;0;2
531;2;100000;базовая;10000;110000;2;220000;0;2;2
532;2;75000;эконом ;30000;105000;2;105000;1;1;2
533;1;45000;эконом ;30000;75000;2;150000;1;0;2
534;1;40000;эконом ;30000;70000;1;70000;1;1;1
535;2;100000;эконом ;30000;130000;1;130000;2;0;2
536;2;100000;базовая;10000;110000;1;110000;2;1;1
537;1;55000;базовая;10000;65000;2;65000;2;1;0
538;1;40000;базовая;10000;50000;2;50000;0;2;1
539;2;80000;базовая;10000;90000;2;180000;1;2;1
540;2;70000;эконом ;30000;100000;1;200000;2;2;0
541;1;50000;эконом ;30000;80000;1;160000;1;1;1
542;1;55000;эконом ;30000;85000;1;85000;2;0;1
543;2;75000;эконом ;30000;105000;1;105000;0;2;2
544;2;100000;базовая;10000;110000;1;110000;2;2;0
545;1;45000;базовая;10000;55000;1;55000;1;0;2
546;1;40000;базовая;10000;50000;1;100000;1;1;1
547;2;70000;базовая;10000;80000;2;80000;1;1;2
548;2;90000;эконом ;30000;120000;1;240000;0;2;2
549;1;45000;эконом ;30000;75000;1;75000;2;0;1
550;1;40000;эконом ;30000;70000;2;70000;0;1;2
551;2;100000;эконом ;30000;130000;1;260000;1;1;2
552;2;75000;базовая;10000;85000;1;85000;1;2;1
553;1;35000;базовая;10000;45000;1;90000;1;1;1
554;1;35000;базовая;10000;45000;1;45000;1;0;2
555;2;95000;базовая;10000;105000;2;105000;2;1;1
556;2;75000;эконом ;30000;105000;2;105000;2;2;0
557;1;45000;эконом ;30000;75000;1;75000;0;2;1
558;1;50000;эконом ;30000;80000;2;160000;1;1;1
559;2;85000;эконом ;30000;115000;2;230000;2;2;0
560;2;70000;базовая;10000;80000;1;80000;1;1;2
561;1;45000;базовая;10000;55000;1;110000;1;0;2
562;1;45000;базовая;10000;55000;2;110000;0;1;2
563;2;80000;базовая;10000;90000;2;90000;2;2;0
564;2;80000;эконом ;30000;110000;2;110000;2;0;2
565;1;55000;эконом ;30000;85000;2;85000;1;1;1
566;1;40000;эконом ;30000;70000;1;140000;1;1;1
567;2;75000;эконом ;30000;105000;1;105000;0;2;2
568;2;75000;базовая;10000;85000;1;170000;2;0;2
569;1;40000;базовая;10000;50000;2;100000;0;1;2
570;1;40000;базовая;10000;50000;2;50000;1;1;1
571;2;85000;базовая;10000;95000;1;95000;1;2;1
572;2;80000;эконом ;30000;110000;2;220000;2;1;1
573;1;40000;эконом ;30000;70000;2;70000;1;0;2
574;1;55000;эконом ;30000;85000;1;85000;1;1;1
575;2;85000;эконом ;30000;115000;1;230000;2;2;0
576;2;100000;базовая;10000;110000;2;220000;0;2;2
577;1;40000;базовая;10000;50000;1;100000;1;1;1
578;1;40000;базовая;10000;50000;1;100000;1;2;0
579;2;75000;базовая;10000;85000;2;85000;1;1;2
580;2;100000;эконом ;30000;130000;2;130000;2;0;2
581;1;35000;эконом ;30000;65000;1;130000;0;1;2
582;1;35000;эконом ;30000;65000;1;65000;1;2;0
583;2;85000;эконом ;30000;115000;2;115000;2;0;2
584;2;75000;базовая;10000;85000;1;85000;2;1;1
585;1;50000;базовая;10000;60000;2;60000;1;1;1
586;1;45000;базовая;10000;55000;1;55000;0;2;1
587;2;90000;базовая;10000;100000;1;200000;2;0;2
588;2;95000;эконом ;30000;125000;1;250000;0;2;2
589;1;50000;эконом ;30000;80000;1;160000;1;1;1
590;1;50000;эконом ;30000;80000;2;160000;1;1;1
591;2;95000;эконом ;30000;125000;1;125000;2;1;1
592;2;105000;базовая;10000;115000;1;115000;2;0;2
593;1;40000;базовая;10000;50000;1;50000;1;1;1
594;1;40000;базовая;10000;50000;1;100000;2;1;0
595;2;95000;базовая;10000;105000;2;210000;0;2;2
596;2;70000;эконом ;30000;100000;1;100000;1;2;1
597;1;40000;эконом ;30000;70000;2;70000;2;1;0
598;1;50000;эконом ;30000;80000;2;160000;1;1;1
599;2;90000;эконом ;30000;120000;1;120000;2;0;2
600;2;105000;базовая;10000;115000;2;115000;0;2;2
601;1;50000;базовая;10000;60000;2;60000;2;1;0
602;1;45000;базовая;10000;55000;1;55000;1;0;2
603;2;75000;базовая;10000;85000;2;85000;2;1;1
604;2;90000;эконом ;30000;120000;1;240000;1;1;2
605;1;40000;эконом ;30000;70000;2;140000;0;1;2
606;1;55000;эконом ;30000;85000;1;170000;1;0;2
607;2;90000;эконом ;30000;120000;2;120000;0;2;2
608;2;95000;базовая;10000;105000;1;210000;1;1;2
609;1;35000;базовая;10000;45000;2;45000;1;1;1
610;1;45000;базовая;10000;55000;1;55000;1;1;1
611;2;80000;базовая;10000;90000;2;180000;2;0;2
612;2;100000;эконом ;30000;130000;2;260000;2;1;1
613;1;40000;эконом ;30000;70000;2;140000;2;1;0
614;1;40000;эконом ;30000;70000;1;70000;0;1;1
615;2;85000;эконом ;30000;115000;2;230000;1;2;1
616;2;90000;базовая;10000;100000;1;100000;2;2;0
617;1;55000;базовая;10000;65000;2;130000;1;1;1
618;1;40000;базовая;10000;50000;1;50000;1;0;2
619;2;95000;базовая;10000;105000;2;210000;0;2;2
620;2;85000;эконом ;30000;115000;2;115000;2;2;0
621;1;45000;эконом ;30000;75000;1;75000;1;0;2
622;1;50000;эконом ;30000;80000;1;160000;1;1;1
623;2;85000;эконом ;30000;115000;1;115000;1;1;2
624;2;85000;базовая;10000;95000;1;190000;0;2;2
625;1;45000;базовая;10000;55000;1;55000;2;0;2
626;1;50000;базовая;10000;60000;2;120000;0;1;2
627;2;70000;базовая;10000;80000;1;160000;1;1;2
628;2;105000;эконом ;30000;135000;2;135000;1;2;1
629;1;40000;эконом ;30000;70000;2;140000;1;1;1
630;1;50000;эконом ;30000;80000;1;80000;1;0;2
631;2;100000;эконом ;30000;130000;1;260000;2;1;1
632;2;90000;базовая;10000;100000;2;200000;2;2;0
633;1;40000;базовая;10000;50000;1;100000;0;1;2
634;1;50000;базовая;10000;60000;1;60000;1;1;1
635;2;90000;базовая;10000;100000;2;100000;2;2;0
636;2;85000;эконом ;30000;115000;2;230000;1;1;2
637;1;50000;эконом ;30000;80000;2;80000;1;0;2
638;1;45000;эконом ;30000;75000;1;150000;0;2;1
639;2;100000;эконом ;30000;130000;1;130000;2;2;0
640;2;90000;базовая;10000;100000;2;200000;2;0;2
641;1;45000;базовая;10000;55000;1;55000;1;1;1
642;1;55000;базовая;10000;65000;2;65000;1;1;2
643;2;95000;базовая;10000;105000;1;105000;0;2;2
644;2;105000;эконом ;30000;135000;1;135000;2;0;2
645;1;35000;эконом ;30000;65000;2;65000;1;1;2
646;1;50000;эконом ;30000;80000;2;160000;1;1;1
647;2;75000;эконом ;30000;105000;2;210000;1;2;1
648;2;105000;базовая;10000;115000;2;115000;2;1;1
649;1;50000;базовая;10000;60000;1;120000;1;0;2
650;1;45000;базовая;10000;55000;2;110000;1;1;1
651;2;105000;базовая;10000;115000;2;115000;2;2;0
652;2;80000;эконом ;30000;110000;1;220000;0;2;2
653;1;45000;эконом ;30000;75000;1;75000;1;1;1
654;1;45000;эконом ;30000;75000;1;75000;2;1;0
655;2;95000;эконом ;30000;125000;2;250000;1;1;2
656;2;100000;базовая;10000;110000;2;220000;2;0;2
657;1;50000;базовая;10000;60000;1;60000;0;1;2
658;1;35000;базовая;10000;45000;2;90000;2;1;0
659;2;85000;базовая;10000;95000;2;95000;2;0;2
660;2;70000;эконом ;30000;100000;2;100000;2;1;1
661;1;55000;эконом ;30000;85000;2;170000;1;1;1
662;1;45000;эконом ;30000;75000;2;150000;0;1;2
663;2;100000;эконом ;30000;130000;2;130000;2;0;2
664;2;80000;базовая;10000;90000;2;90000;0;2;2
665;1;50000;базовая;10000;60000;1;60000;1;1;1
666;1;40000;базовая;10000;50000;1;100000;1;1;1
667;2;90000;базовая;10000;100000;1;100000;2;1;1
668;2;100000;эконом ;30000;130000;1;260000;2;0;2
669;1;50000;эконом ;30000;80000;1;80000;1;1;1
670;1;55000;эконом ;30000;85000;1;85000;2;1;0
671;2;70000;эконом ;30000;100000;1;200000;0;2;2
672;2;75000;базовая;10000;85000;1;170000;1;2;1
673;1;35000;базовая;10000;45000;1;45000;2;1;0
674;1;40000;базовая;10000;50000;1;50000;1;1;1
675;2;105000;базовая;10000;115000;2;115000;2;0;2
676;2;95000;эконом ;30000;125000;1;125000;0;2;2
677;1;35000;эконом ;30000;65000;1;65000;2;1;0
678;1;45000;эконом ;30000;75000;2;75000;1;0;2
679;2;90000;эконом ;30000;120000;2;240000;2;1;1
680;2;95000;базовая;10000;105000;2;105000;1;1;2
681;1;50000;базовая;10000;60000;2;60000;0;2;1
682;1;50000;базовая;10000;60000;2;120000;1;0;2
683;2;105000;базовая;10000;115000;1;230000;0;2;2
684;2;85000;эконом ;30000;115000;2;230000;1;1;2
685;1;50000;эконом ;30000;80000;1;160000;1;1;1
686;1;55000;эконом ;30000;85000;2;170000;1;1;1
687;2;70000;эконом ;30000;100000;2;200000;2;0;2
688;2;80000;базовая;10000;90000;2;180000;2;1;1
689;1;40000;базовая;10000;50000;1;50000;2;1;0
690;1;40000;базовая;10000;50000;1;100000;0;2;1
691;2;95000;базовая;10000;105000;2;105000;1;2;1
692;2;75000;эконом ;30000;105000;1;210000;2;2;0
693;1;45000;эконом ;30000;75000;1;75000;1;1;1
694;1;45000;эконом ;30000;75000;1;150000;1;0;2
695;2;80000;эконом ;30000;110000;1;220000;0;2;2
696;2;75000;базовая;10000;85000;1;170000;2;2;0
697;1;55000;базовая;10000;65000;1;65000;1;0;2
698;1;45000;эконом ;30000;75000;1;150000;1;1;1
699;2;75000;эконом ;30000;105000;2;210000;1;1;2
700;2;95000;базовая;10000;105000;2;210000;2;0;2
701;3;150000;базовая;10000;160000;1;160000;3;2;0
702;3;170000;базовая;10000;180000;1;180000;3;0;2
703;2;90000;базовая;10000;100000;1;100000;0;2;2
704;2;85000;базовая;10000;95000;1;190000;1;2;1
705;3;190000;базовая;10000;200000;1;200000;3;1;1
706;3;200000;базовая;10000;210000;2;210000;2;3;0
707;2;90000;базовая;10000;100000;2;200000;2;0;2
708;2;75000;базовая;10000;85000;1;170000;0;2;2
709;3;160000;базовая;10000;170000;2;340000;0;3;2
710;3;200000;базовая;10000;210000;2;210000;1;3;1
711;2;100000;базовая;10000;110000;1;220000;2;1;1
712;2;100000;базовая;10000;110000;2;220000;1;1;2
713;3;170000;базовая;10000;180000;1;360000;0;2;3
714;3;200000;базовая;10000;210000;1;420000;2;0;3
715;2;100000;базовая;10000;110000;2;220000;0;2;2
716;2;95000;базовая;10000;105000;2;105000;1;1;2
717;3;150000;базовая;10000;160000;2;320000;1;1;3
718;3;120000;базовая;10000;130000;2;130000;2;2;1
719;2;75000;базовая;10000;85000;1;170000;2;0;2
720;2;80000;базовая;10000;90000;1;180000;2;1;1
721;3;170000;базовая;10000;180000;2;180000;2;1;2
722;3;170000;базовая;10000;180000;2;180000;1;2;2
723;2;75000;базовая;10000;85000;2;170000;1;2;1
724;2;75000;базовая;10000;85000;2;85000;2;2;0
725;3;190000;базовая;10000;200000;1;400000;1;2;2
726;3;170000;базовая;10000;180000;2;360000;2;1;2
727;2;90000;базовая;10000;100000;2;200000;0;2;2
728;2;105000;базовая;10000;115000;2;115000;2;2;0
729;3;170000;базовая;10000;180000;2;180000;2;2;1
730;3;150000;базовая;10000;160000;1;320000;3;2;0
731;2;85000;базовая;10000;95000;2;190000;1;1;2
732;2;105000;базовая;10000;115000;1;230000;2;0;2
733;3;170000;базовая;10000;180000;2;180000;3;0;2
734;3;140000;базовая;10000;150000;2;150000;3;1;1
735;2;75000;базовая;10000;85000;1;85000;0;2;2
736;2;90000;базовая;10000;100000;1;200000;1;2;1
737;3;150000;базовая;10000;160000;2;320000;2;3;0
738;3;130000;базовая;10000;140000;2;280000;0;3;2
739;2;75000;базовая;10000;85000;2;170000;2;0;2
740;2;70000;фирменная;60000;130000;1;260000;0;2;2
741;3;120000;фирменная;60000;180000;2;180000;1;3;1
742;3;150000;базовая;10000;160000;2;320000;0;2;3
743;2;95000;базовая;10000;105000;2;105000;2;1;1
744;2;80000;эконом ;30000;110000;1;110000;1;1;2
745;3;170000;эконом ;30000;200000;1;200000;2;0;3
746;3;160000;фирменная;60000;220000;2;220000;1;1;3
747;2;85000;фирменная;60000;145000;2;290000;0;2;2
748;2;95000;базовая;10000;105000;2;105000;1;1;2
749;3;200000;базовая;10000;210000;1;210000;2;2;1
750;3;160000;эконом ;30000;190000;2;380000;2;1;2
751;2;100000;эконом ;30000;130000;1;130000;2;0;2
752;2;85000;фирменная;60000;145000;2;145000;2;1;1
753;3;190000;фирменная;60000;250000;1;500000;1;2;2
754;3;190000;базовая;10000;200000;1;400000;1;2;2
755;2;80000;базовая;10000;90000;2;180000;1;2;1
756;2;95000;эконом ;30000;125000;2;125000;2;2;0
757;3;170000;эконом ;30000;200000;1;200000;2;1;2
758;3;150000;фирменная;60000;210000;1;420000;2;2;1
759;2;90000;фирменная;60000;150000;2;300000;0;2;2
760;2;70000;базовая;10000;80000;2;160000;2;2;0
761;3;160000;базовая;10000;170000;2;170000;3;2;0
762;3;120000;эконом ;30000;150000;1;150000;3;0;2
763;2;100000;эконом ;30000;130000;1;260000;1;1;2
764;2;95000;фирменная;60000;155000;1;310000;2;0;2
765;3;160000;фирменная;60000;220000;2;220000;3;1;1
766;3;170000;базовая;10000;180000;2;180000;2;3;0
767;2;85000;базовая;10000;95000;2;190000;0;2;2
768;2;95000;эконом ;30000;125000;1;250000;1;2;1
769;3;120000;эконом ;30000;150000;2;150000;0;3;2
770;3;130000;фирменная;60000;190000;1;190000;1;3;1
771;2;100000;фирменная;60000;160000;1;320000;2;0;2
772;2;95000;базовая;10000;105000;2;105000;0;2;2
773;3;180000;базовая;10000;190000;1;380000;0;2;3
774;3;120000;эконом ;30000;150000;2;300000;2;0;3
775;2;90000;эконом ;30000;120000;2;240000;2;1;1
776;2;80000;фирменная;60000;140000;2;140000;1;1;2
777;3;180000;фирменная;60000;240000;1;480000;1;1;3
778;3;180000;базовая;10000;190000;1;190000;2;2;1
779;2;85000;базовая;10000;95000;2;95000;0;2;2
780;2;90000;эконом ;30000;120000;1;240000;1;1;2
781;3;150000;эконом ;30000;180000;2;360000;2;1;2
782;3;140000;фирменная;60000;200000;1;200000;1;2;2
783;2;80000;фирменная;60000;140000;1;280000;2;0;2
784;2;90000;базовая;10000;100000;1;100000;2;1;1
785;3;150000;базовая;10000;160000;2;160000;1;2;2
786;3;130000;эконом ;30000;160000;2;160000;2;1;2
787;2;90000;эконом ;30000;120000;2;240000;1;2;1
788;2;70000;фирменная;60000;130000;2;260000;2;2;0
789;3;160000;фирменная;60000;220000;2;220000;2;2;1
790;3;190000;базовая;10000;200000;1;200000;3;2;0
791;2;100000;базовая;10000;110000;2;110000;0;2;2
792;2;85000;эконом ;30000;115000;2;230000;2;2;0
793;3;140000;эконом ;30000;170000;1;170000;3;0;2
794;3;180000;фирменная;60000;240000;1;240000;3;1;1
795;2;90000;фирменная;60000;150000;1;150000;1;1;2
796;2;90000;базовая;10000;100000;2;200000;2;0;2
797;3;170000;базовая;10000;180000;2;180000;2;3;0
798;3;150000;эконом ;30000;180000;1;360000;0;3;2
799;2;75000;эконом ;30000;105000;2;105000;0;2;2
800;2;90000;фирменная;60000;150000;2;300000;1;2;1
801;3;130000;фирменная;60000;190000;2;190000;1;3;1
802;3;180000;базовая;10000;190000;2;190000;0;2;3
803;2;75000;базовая;10000;85000;2;170000;2;0;2
804;2;80000;эконом ;30000;110000;1;220000;0;2;2
805;3;140000;эконом ;30000;170000;1;170000;2;0;3
806;3;130000;фирменная;60000;190000;2;190000;1;1;3
807;2;80000;фирменная;60000;140000;2;280000;2;1;1
808;2;80000;базовая;10000;90000;1;180000;1;1;2
809;3;190000;базовая;10000;200000;2;200000;2;2;1
810;3;120000;эконом ;30000;150000;2;300000;2;1;2
811;2;105000;эконом ;30000;135000;2;270000;0;2;2
812;2;75000;фирменная;60000;135000;2;270000;1;1;2
813;3;150000;фирменная;60000;210000;1;420000;1;2;2
814;3;190000;базовая;10000;200000;2;400000;1;2;2
815;2;100000;базовая;10000;110000;2;220000;2;0;2
816;2;90000;эконом ;30000;120000;2;120000;2;1;1
817;3;140000;эконом ;30000;170000;2;170000;2;1;2
818;3;180000;фирменная;60000;240000;2;240000;2;2;1
819;2;90000;фирменная;60000;150000;1;300000;1;2;1
820;2;90000;базовая;10000;100000;1;100000;2;2;0
821;3;140000;базовая;10000;150000;2;150000;3;2;0
822;3;160000;эконом ;30000;190000;1;190000;3;0;2
823;2;75000;эконом ;30000;105000;1;105000;0;2;2
824;2;90000;фирменная;60000;150000;2;150000;2;2;0
825;3;150000;фирменная;60000;210000;1;210000;3;1;1
826;3;130000;базовая;10000;140000;1;140000;2;3;0
827;2;80000;базовая;10000;90000;2;90000;1;1;2
828;2;95000;эконом ;30000;125000;1;250000;2;0;2
829;3;190000;эконом ;30000;220000;2;440000;0;3;2
830;3;190000;фирменная;60000;250000;1;250000;1;3;1
831;2;85000;фирменная;60000;145000;2;290000;0;2;2
832;2;90000;базовая;10000;100000;1;100000;1;2;1
833;3;200000;базовая;10000;210000;1;210000;0;2;3
834;3;200000;эконом ;30000;230000;2;230000;2;0;3
835;2;95000;эконом ;30000;125000;1;125000;2;0;2
836;2;95000;фирменная;60000;155000;2;155000;0;2;2
837;3;150000;фирменная;60000;210000;1;420000;1;1;3
838;3;150000;базовая;10000;160000;1;160000;2;2;1
839;2;100000;базовая;10000;110000;2;220000;2;1;1
840;2;80000;эконом ;30000;110000;1;110000;1;1;2
841;3;200000;эконом ;30000;230000;1;460000;2;1;2
842;3;130000;фирменная;60000;190000;2;190000;1;2;2
843;2;85000;фирменная;60000;145000;1;145000;0;2;2
844;2;75000;базовая;10000;85000;2;85000;1;1;2
845;3;150000;базовая;10000;160000;2;160000;1;2;2
846;3;130000;эконом ;30000;160000;2;320000;2;1;2
847;2;95000;эконом ;30000;125000;2;250000;2;0;2
848;2;90000;фирменная;60000;150000;1;300000;2;1;1
849;3;200000;фирменная;60000;260000;1;520000;2;2;1
850;3;130000;базовая;10000;140000;1;280000;3;2;0
851;2;105000;базовая;10000;115000;1;230000;1;2;1
852;2;80000;эконом ;30000;110000;2;110000;2;2;0
853;3;120000;эконом ;30000;150000;1;150000;3;0;2
854;3;180000;фирменная;60000;240000;1;240000;3;1;1
855;2;90000;фирменная;60000;150000;1;150000;0;2;2
856;2;90000;базовая;10000;100000;1;200000;2;2;0
857;3;190000;базовая;10000;200000;1;200000;2;3;0
858;3;180000;эконом ;30000;210000;2;420000;0;3;2
859;2;85000;эконом ;30000;115000;2;115000;1;1;2
860;2;100000;фирменная;60000;160000;2;320000;2;0;2
861;3;120000;фирменная;60000;180000;2;180000;1;3;1
862;3;180000;базовая;10000;190000;1;190000;0;2;3
863;2;80000;базовая;10000;90000;2;180000;0;2;2
864;2;95000;эконом ;30000;125000;1;125000;1;2;1
865;3;160000;эконом ;30000;190000;1;190000;2;0;3
866;3;150000;фирменная;60000;210000;2;210000;1;1;3
867;2;100000;фирменная;60000;160000;2;320000;2;0;2
868;2;90000;базовая;10000;100000;1;200000;0;2;2
869;3;160000;базовая;10000;170000;2;340000;2;2;1
870;3;180000;эконом ;30000;210000;1;210000;2;1;2
871;2;100000;эконом ;30000;130000;2;260000;2;1;1
872;2;100000;фирменная;60000;160000;2;320000;1;1;2
873;3;120000;фирменная;60000;180000;1;180000;1;2;2
874;3;190000;базовая;10000;200000;1;200000;1;2;2
875;2;95000;базовая;10000;105000;2;105000;0;2;2
876;2;70000;эконом ;30000;100000;2;200000;1;1;2
877;3;160000;эконом ;30000;190000;1;380000;2;1;2
878;3;130000;фирменная;60000;190000;1;380000;2;2;1
879;2;90000;фирменная;60000;150000;2;300000;2;0;2
880;2;80000;базовая;10000;90000;2;180000;2;1;1
881;3;180000;базовая;10000;190000;2;190000;3;2;0
882;3;160000;эконом ;30000;190000;2;380000;3;0;2
883;2;70000;эконом ;30000;100000;1;100000;1;2;1
884;2;95000;фирменная;60000;155000;2;310000;2;2;0
885;3;160000;фирменная;60000;220000;1;440000;3;1;1
886;3;170000;базовая;10000;180000;2;180000;2;3;0
887;2;95000;базовая;10000;105000;1;210000;0;2;2
888;2;70000;эконом ;30000;100000;1;100000;2;2;0
889;3;180000;эконом ;30000;210000;2;210000;0;3;2
890;3;190000;фирменная;60000;250000;1;250000;1;3;1
891;2;80000;фирменная;60000;140000;2;140000;1;1;2
892;2;105000;базовая;10000;115000;2;115000;2;0;2
893;3;170000;базовая;10000;180000;1;360000;0;2;3
894;3;170000;эконом ;30000;200000;2;400000;2;0;3
895;2;85000;эконом ;30000;115000;1;115000;0;2;2
896;2;90000;фирменная;60000;150000;1;300000;1;2;1
897;3;200000;фирменная;60000;260000;1;520000;1;1;3
898;3;140000;базовая;10000;150000;1;150000;2;2;1
899;2;105000;базовая;10000;115000;1;115000;2;0;2
900;3;160000;базовая;10000;170000;2;170000;2;1;2
901;3;160000;базовая;10000;170000;2;340000;1;2;2
902;3;200000;базовая;10000;210000;2;420000;1;2;2
903;3;140000;базовая;10000;150000;2;150000;2;1;2
904;3;170000;базовая;10000;180000;2;360000;2;2;1
905;3;200000;базовая;10000;210000;2;210000;3;2;0
906;3;160000;базовая;10000;170000;2;340000;3;0;2
907;3;120000;базовая;10000;130000;1;130000;3;1;1
908;3;180000;базовая;10000;190000;1;190000;2;3;0
909;3;190000;базовая;10000;200000;2;400000;0;3;2
910;3;150000;базовая;10000;160000;2;160000;1;3;1
911;3;150000;базовая;10000;160000;1;320000;0;2;3
912;3;140000;базовая;10000;150000;1;150000;2;0;3
913;3;180000;базовая;10000;190000;2;380000;1;1;3
914;3;200000;базовая;10000;210000;2;210000;2;2;1
915;3;190000;базовая;10000;200000;1;400000;2;1;2
916;3;180000;базовая;10000;190000;2;190000;1;2;2
917;3;200000;базовая;10000;210000;2;420000;1;2;2
918;3;190000;базовая;10000;200000;1;400000;2;1;2
919;3;190000;базовая;10000;200000;2;200000;2;2;1
920;3;170000;базовая;10000;180000;1;360000;3;2;0
921;3;130000;фирменная;60000;190000;2;190000;3;0;2
922;3;190000;фирменная;60000;250000;2;500000;3;1;1
923;3;150000;фирменная;60000;210000;2;420000;2;3;0
924;3;160000;фирменная;60000;220000;1;440000;0;3;2
925;3;170000;фирменная;60000;230000;1;460000;1;3;1
926;3;130000;фирменная;60000;190000;2;380000;0;2;3
927;3;150000;фирменная;60000;210000;2;210000;2;0;3
928;3;190000;фирменная;60000;250000;2;500000;1;1;3
929;3;190000;фирменная;60000;250000;2;500000;2;2;1
930;3;180000;фирменная;60000;240000;1;480000;2;1;2
931;3;170000;фирменная;60000;230000;1;230000;1;2;2
932;3;160000;фирменная;60000;220000;1;440000;1;2;2
933;3;140000;фирменная;60000;200000;2;400000;2;1;2
934;3;160000;фирменная;60000;220000;2;220000;2;2;1
935;3;120000;фирменная;60000;180000;1;180000;3;2;0
936;3;130000;фирменная;60000;190000;2;190000;3;0;2
937;3;170000;фирменная;60000;230000;2;460000;3;1;1
938;3;200000;фирменная;60000;260000;2;520000;2;3;0
939;3;130000;фирменная;60000;190000;2;380000;0;3;2
940;3;190000;фирменная;60000;250000;1;500000;1;3;1
941;3;170000;фирменная;60000;230000;2;460000;0;2;3
942;3;140000;фирменная;60000;200000;2;200000;2;0;3
943;3;130000;фирменная;60000;190000;1;380000;1;1;3
944;3;170000;фирменная;60000;230000;1;230000;2;2;1
945;3;140000;фирменная;60000;200000;1;200000;2;1;2
946;3;170000;фирменная;60000;230000;1;460000;1;2;2
947;3;190000;фирменная;60000;250000;1;500000;1;2;2
948;3;170000;фирменная;60000;230000;2;460000;2;1;2
949;3;130000;фирменная;60000;190000;2;190000;2;2;1
950;3;180000;фирменная;60000;240000;1;240000;3;2;0
951;3;130000;фирменная;60000;190000;1;380000;3;0;2
952;3;170000;фирменная;60000;230000;2;460000;3;1;1
953;3;160000;фирменная;60000;220000;1;440000;2;3;0
954;3;120000;фирменная;60000;180000;1;180000;0;3;2
955;3;170000;фирменная;60000;230000;2;460000;1;3;1
956;3;160000;фирменная;60000;220000;2;220000;0;2;3
957;3;150000;фирменная;60000;210000;2;420000;2;0;3
958;3;180000;фирменная;60000;240000;1;480000;1;1;3
959;3;190000;фирменная;60000;250000;2;500000;2;2;1
960;3;180000;фирменная;60000;240000;2;480000;2;1;2
961;3;180000;фирменная;60000;240000;2;240000;1;2;2
962;3;180000;фирменная;60000;240000;2;240000;1;2;2
963;3;170000;фирменная;60000;230000;1;230000;2;1;2
964;3;190000;фирменная;60000;250000;2;500000;2;2;1
965;3;180000;фирменная;60000;240000;2;240000;3;2;0
966;3;200000;фирменная;60000;260000;1;520000;3;0;2
967;3;170000;фирменная;60000;230000;1;230000;3;1;1
968;3;150000;фирменная;60000;210000;2;420000;2;3;0
969;3;160000;фирменная;60000;220000;1;220000;0;3;2
970;3;150000;фирменная;60000;210000;1;420000;1;3;1
971;3;130000;фирменная;60000;190000;1;380000;0;2;3
972;3;190000;фирменная;60000;250000;2;250000;2;0;3
973;3;150000;фирменная;60000;210000;2;420000;1;1;3
974;3;140000;фирменная;60000;200000;2;200000;2;2;1
975;3;160000;фирменная;60000;220000;2;220000;2;1;2
976;3;180000;фирменная;60000;240000;1;480000;1;2;2
977;3;170000;фирменная;60000;230000;1;460000;1;2;2
978;3;140000;фирменная;60000;200000;1;200000;2;1;2
979;3;150000;фирменная;60000;210000;2;210000;2;2;1
980;3;150000;фирменная;60000;210000;2;210000;3;2;0
981;3;170000;фирменная;60000;230000;1;230000;3;0;2
982;3;170000;фирменная;60000;230000;1;460000;3;1;1
983;3;170000;фирменная;60000;230000;1;460000;2;3;0
984;3;180000;фирменная;60000;240000;2;240000;0;3;2
985;3;190000;фирменная;60000;250000;2;500000;1;3;1
986;3;150000;фирменная;60000;210000;2;210000;0;2;3
987;3;180000;фирменная;60000;240000;2;480000;2;0;3
988;3;180000;фирменная;60000;240000;2;240000;1;1;3
989;3;190000;фирменная;60000;250000;1;250000;2;2;1
990;3;190000;фирменная;60000;250000;2;250000;2;1;2
991;3;180000;фирменная;60000;240000;1;480000;1;2;2
992;3;160000;фирменная;60000;220000;1;220000;1;2;2
993;3;130000;фирменная;60000;190000;1;190000;2;1;2
994;3;190000;фирменная;60000;250000;1;250000;2;2;1
995;3;190000;фирменная;60000;250000;1;500000;1;1;3
996;3;140000;фирменная;60000;200000;2;200000;2;2;1
997;3;120000;фирменная;60000;180000;1;360000;2;1;2
998;3;180000;фирменная;60000;240000;2;480000;1;2;2
999;3;190000;фирменная;60000;250000;1;500000;1;2;2
1000;3;140000;фирменная;60000;200000;1;400000;2;1;2
